,shot_id,shot_made_flag
0,1,0
1,8,0
2,17,1
3,20,1
4,33,1
5,34,1
6,35,1
7,36,1
8,37,1
9,38,0
10,45,1
11,50,0
12,55,0
13,60,0
14,66,0
15,67,0
16,71,0
17,80,0
18,85,0
19,86,1
20,95,1
21,104,0
22,113,0
23,123,0
24,126,1
25,133,1
26,141,0
27,144,0
28,150,1
29,152,0
30,153,1
31,156,0
32,159,1
33,165,1
34,172,1
35,182,1
36,192,0
37,193,1
38,196,0
39,202,0
40,210,0
41,211,0
42,228,1
43,257,1
44,260,0
45,264,0
46,267,1
47,279,1
48,282,0
49,293,0
50,299,1
51,300,1
52,301,1
53,317,0
54,327,0
55,328,0
56,335,0
57,346,1
58,348,0
59,365,1
60,390,1
61,391,1
62,392,1
63,397,0
64,418,0
65,428,0
66,434,1
67,439,0
68,440,0
69,456,0
70,459,0
71,472,0
72,480,0
73,491,1
74,497,1
75,509,0
76,511,0
77,523,0
78,533,0
79,544,0
80,546,0
81,555,1
82,558,0
83,560,0
84,573,0
85,591,1
86,596,1
87,597,1
88,601,1
89,605,0
90,617,0
91,628,0
92,634,1
93,646,1
94,649,1
95,651,1
96,654,1
97,656,1
98,657,1
99,669,1
100,670,1
101,693,0
102,694,0
103,699,1
104,711,0
105,718,0
106,722,0
107,723,0
108,725,1
109,734,0
110,735,1
111,737,1
112,746,0
113,747,1
114,766,0
115,767,0
116,771,0
117,773,0
118,774,0
119,783,0
120,784,0
121,789,0
122,792,0
123,804,0
124,809,1
125,812,1
126,813,1
127,817,1
128,820,1
129,825,1
130,826,1
131,829,0
132,855,0
133,859,1
134,862,0
135,870,0
136,876,0
137,880,0
138,886,1
139,889,1
140,891,0
141,897,1
142,902,0
143,903,0
144,908,0
145,909,0
146,920,0
147,922,0
148,924,1
149,932,0
150,934,0
151,937,0
152,941,1
153,943,0
154,950,1
155,952,0
156,954,1
157,963,0
158,975,0
159,979,0
160,981,0
161,983,0
162,985,0
163,989,0
164,995,0
165,998,0
166,1008,0
167,1019,1
168,1023,0
169,1026,0
170,1029,1
171,1034,1
172,1036,1
173,1038,0
174,1039,1
175,1051,0
176,1052,0
177,1066,0
178,1087,0
179,1092,0
180,1094,1
181,1098,1
182,1099,0
183,1102,0
184,1118,0
185,1131,0
186,1133,1
187,1135,1
188,1138,0
189,1139,1
190,1142,0
191,1151,0
192,1152,0
193,1155,1
194,1165,0
195,1167,1
196,1172,0
197,1174,1
198,1180,0
199,1200,1
200,1202,1
201,1227,1
202,1228,1
203,1229,0
204,1237,0
205,1241,0
206,1256,0
207,1279,0
208,1293,0
209,1295,0
210,1319,1
211,1320,0
212,1321,1
213,1322,0
214,1334,0
215,1351,1
216,1373,0
217,1375,0
218,1380,0
219,1382,1
220,1385,0
221,1399,0
222,1403,1
223,1428,0
224,1434,0
225,1444,1
226,1448,1
227,1466,1
228,1476,0
229,1478,0
230,1485,0
231,1491,1
232,1494,1
233,1500,0
234,1501,1
235,1503,0
236,1519,1
237,1524,0
238,1529,1
239,1533,1
240,1538,1
241,1539,0
242,1546,0
243,1555,0
244,1559,1
245,1563,1
246,1565,1
247,1574,0
248,1591,0
249,1594,0
250,1605,0
251,1611,0
252,1614,0
253,1620,0
254,1626,0
255,1630,0
256,1632,0
257,1634,0
258,1643,0
259,1651,0
260,1655,0
261,1658,0
262,1659,0
263,1665,0
264,1675,0
265,1680,1
266,1690,0
267,1696,1
268,1714,1
269,1721,1
270,1726,0
271,1728,0
272,1734,0
273,1735,0
274,1740,0
275,1744,1
276,1747,0
277,1752,0
278,1763,1
279,1765,1
280,1769,0
281,1785,1
282,1787,0
283,1788,0
284,1793,0
285,1800,0
286,1825,0
287,1826,1
288,1834,0
289,1843,0
290,1844,0
291,1848,0
292,1849,0
293,1860,0
294,1863,0
295,1875,1
296,1883,0
297,1890,1
298,1892,1
299,1893,1
300,1897,1
301,1905,0
302,1908,0
303,1931,0
304,1940,1
305,1943,1
306,1947,0
307,1965,0
308,1967,1
309,1968,1
310,1972,1
311,1982,0
312,1985,0
313,2005,1
314,2010,1
315,2021,0
316,2024,1
317,2036,0
318,2043,1
319,2047,1
320,2049,0
321,2055,0
322,2065,0
323,2066,0
324,2070,0
325,2077,1
326,2085,1
327,2095,1
328,2097,1
329,2108,0
330,2112,1
331,2113,1
332,2122,0
333,2139,0
334,2144,0
335,2146,0
336,2148,0
337,2149,0
338,2157,0
339,2159,1
340,2168,1
341,2176,1
342,2178,1
343,2181,0
344,2187,1
345,2188,1
346,2190,0
347,2194,1
348,2197,0
349,2214,0
350,2217,0
351,2222,0
352,2223,0
353,2226,0
354,2230,1
355,2240,0
356,2247,0
357,2250,0
358,2259,1
359,2262,0
360,2266,0
361,2305,0
362,2310,0
363,2313,0
364,2319,1
365,2320,0
366,2345,0
367,2350,1
368,2356,0
369,2360,1
370,2370,0
371,2386,0
372,2398,0
373,2414,1
374,2435,1
375,2439,0
376,2446,1
377,2458,0
378,2465,0
379,2466,0
380,2470,0
381,2495,1
382,2501,0
383,2507,0
384,2533,0
385,2537,0
386,2538,0
387,2541,0
388,2542,1
389,2544,1
390,2554,0
391,2555,0
392,2565,0
393,2575,1
394,2586,0
395,2588,0
396,2594,1
397,2617,0
398,2618,0
399,2623,1
400,2631,1
401,2640,0
402,2642,1
403,2647,0
404,2663,0
405,2664,0
406,2676,1
407,2680,1
408,2681,1
409,2691,0
410,2693,0
411,2695,0
412,2704,0
413,2708,0
414,2709,1
415,2717,1
416,2722,0
417,2728,0
418,2732,1
419,2743,0
420,2752,0
421,2757,1
422,2761,0
423,2769,0
424,2771,0
425,2774,0
426,2776,0
427,2781,0
428,2793,0
429,2799,0
430,2803,0
431,2811,1
432,2818,1
433,2824,1
434,2828,1
435,2829,0
436,2830,0
437,2842,1
438,2847,1
439,2848,0
440,2868,0
441,2870,0
442,2885,0
443,2886,0
444,2889,1
445,2903,0
446,2904,1
447,2918,1
448,2919,0
449,2922,0
450,2923,0
451,2931,0
452,2945,1
453,2955,1
454,2957,1
455,2960,1
456,2963,0
457,2966,1
458,2972,1
459,2974,0
460,2982,0
461,2984,1
462,3016,0
463,3021,0
464,3023,1
465,3025,0
466,3029,0
467,3034,1
468,3038,0
469,3040,0
470,3051,1
471,3062,0
472,3069,0
473,3071,0
474,3076,1
475,3079,0
476,3081,0
477,3082,0
478,3084,1
479,3098,0
480,3104,0
481,3105,0
482,3114,1
483,3118,0
484,3122,0
485,3132,0
486,3138,0
487,3141,0
488,3156,1
489,3162,1
490,3167,0
491,3170,1
492,3171,0
493,3172,0
494,3176,1
495,3180,1
496,3189,0
497,3198,0
498,3206,0
499,3215,0
500,3222,1
501,3228,0
502,3229,0
503,3232,0
504,3233,0
505,3238,0
506,3256,0
507,3264,0
508,3273,0
509,3275,1
510,3285,0
511,3289,0
512,3294,0
513,3306,0
514,3311,1
515,3318,0
516,3322,1
517,3324,0
518,3334,0
519,3341,1
520,3345,0
521,3346,1
522,3352,1
523,3368,0
524,3371,0
525,3372,0
526,3375,0
527,3384,0
528,3387,0
529,3393,0
530,3406,0
531,3411,0
532,3412,1
533,3414,0
534,3417,1
535,3420,1
536,3423,1
537,3436,0
538,3438,1
539,3442,0
540,3443,0
541,3451,0
542,3461,0
543,3489,0
544,3491,1
545,3510,1
546,3515,0
547,3527,0
548,3530,0
549,3540,0
550,3582,0
551,3604,0
552,3605,0
553,3609,0
554,3624,0
555,3628,1
556,3630,0
557,3641,0
558,3642,0
559,3648,0
560,3650,1
561,3652,1
562,3660,0
563,3664,0
564,3670,0
565,3672,0
566,3680,0
567,3682,1
568,3685,0
569,3686,0
570,3689,0
571,3705,0
572,3712,0
573,3713,0
574,3719,0
575,3721,0
576,3723,1
577,3724,0
578,3727,0
579,3733,0
580,3734,0
581,3742,0
582,3770,0
583,3777,0
584,3778,0
585,3780,0
586,3783,0
587,3784,0
588,3788,0
589,3790,0
590,3794,0
591,3795,0
592,3796,0
593,3801,1
594,3806,0
595,3813,0
596,3814,0
597,3818,0
598,3824,0
599,3836,0
600,3853,0
601,3855,0
602,3858,0
603,3861,1
604,3866,0
605,3870,0
606,3874,1
607,3876,0
608,3878,0
609,3890,1
610,3900,1
611,3904,1
612,3906,1
613,3907,1
614,3908,0
615,3912,0
616,3918,1
617,3923,1
618,3924,1
619,3925,1
620,3927,1
621,3955,1
622,3964,0
623,3969,0
624,3974,1
625,3976,0
626,3984,0
627,3991,0
628,3993,1
629,4009,0
630,4011,0
631,4020,0
632,4033,0
633,4041,1
634,4045,1
635,4052,1
636,4055,1
637,4056,1
638,4057,1
639,4067,1
640,4069,1
641,4077,0
642,4094,0
643,4095,0
644,4100,0
645,4119,0
646,4130,1
647,4131,0
648,4132,1
649,4134,1
650,4137,1
651,4138,0
652,4143,0
653,4145,0
654,4148,0
655,4163,1
656,4166,1
657,4169,1
658,4170,1
659,4174,1
660,4180,1
661,4199,1
662,4201,0
663,4203,0
664,4210,0
665,4211,0
666,4213,1
667,4225,0
668,4235,0
669,4242,0
670,4245,0
671,4250,0
672,4252,0
673,4254,0
674,4263,0
675,4264,0
676,4268,0
677,4270,0
678,4282,1
679,4283,0
680,4291,0
681,4304,1
682,4306,1
683,4309,1
684,4310,1
685,4313,1
686,4314,1
687,4315,1
688,4321,1
689,4324,1
690,4325,1
691,4328,1
692,4329,0
693,4332,0
694,4337,0
695,4342,0
696,4344,0
697,4352,0
698,4355,0
699,4366,0
700,4371,1
701,4372,0
702,4376,0
703,4384,0
704,4387,0
705,4389,0
706,4390,0
707,4406,0
708,4407,1
709,4409,1
710,4410,1
711,4424,0
712,4434,0
713,4452,0
714,4460,0
715,4470,1
716,4480,0
717,4496,1
718,4503,0
719,4512,0
720,4518,1
721,4519,0
722,4522,0
723,4525,0
724,4537,1
725,4546,0
726,4547,1
727,4553,0
728,4556,0
729,4558,1
730,4563,0
731,4568,0
732,4574,1
733,4578,0
734,4587,0
735,4592,1
736,4610,0
737,4615,0
738,4619,0
739,4620,1
740,4625,1
741,4635,0
742,4636,0
743,4641,0
744,4650,0
745,4653,1
746,4665,0
747,4668,1
748,4669,1
749,4670,1
750,4674,1
751,4675,1
752,4676,1
753,4679,1
754,4680,1
755,4686,0
756,4699,0
757,4713,0
758,4718,0
759,4721,0
760,4722,0
761,4724,0
762,4730,1
763,4731,0
764,4735,0
765,4743,0
766,4745,0
767,4746,1
768,4747,0
769,4748,0
770,4769,0
771,4771,0
772,4774,0
773,4784,0
774,4797,0
775,4801,1
776,4804,0
777,4820,0
778,4833,0
779,4834,0
780,4851,0
781,4859,0
782,4860,1
783,4863,0
784,4873,0
785,4881,0
786,4892,0
787,4908,0
788,4911,0
789,4915,0
790,4922,0
791,4929,0
792,4936,0
793,4939,0
794,4951,0
795,4956,0
796,4961,0
797,4964,0
798,4981,0
799,4991,1
800,4992,0
801,4997,1
802,5004,0
803,5010,0
804,5012,0
805,5015,0
806,5020,0
807,5030,0
808,5051,1
809,5052,0
810,5057,1
811,5058,1
812,5060,1
813,5061,1
814,5064,1
815,5078,0
816,5080,0
817,5088,0
818,5089,1
819,5090,0
820,5103,1
821,5108,0
822,5114,0
823,5115,0
824,5124,1
825,5137,0
826,5139,0
827,5144,0
828,5149,1
829,5157,0
830,5163,1
831,5174,0
832,5176,0
833,5179,0
834,5186,0
835,5203,1
836,5204,1
837,5206,0
838,5207,0
839,5220,0
840,5221,1
841,5224,0
842,5227,0
843,5229,0
844,5232,1
845,5240,1
846,5242,1
847,5243,0
848,5245,1
849,5248,0
850,5249,0
851,5254,0
852,5269,0
853,5272,0
854,5276,0
855,5286,1
856,5290,0
857,5308,0
858,5316,0
859,5318,0
860,5319,0
861,5320,0
862,5322,0
863,5324,0
864,5331,1
865,5336,1
866,5344,0
867,5354,0
868,5356,0
869,5358,0
870,5361,0
871,5365,1
872,5370,1
873,5376,0
874,5383,0
875,5384,0
876,5385,0
877,5393,1
878,5397,0
879,5398,0
880,5402,0
881,5407,1
882,5409,0
883,5425,0
884,5428,1
885,5430,0
886,5442,0
887,5447,0
888,5470,0
889,5485,0
890,5493,0
891,5502,1
892,5504,0
893,5517,0
894,5522,0
895,5527,1
896,5528,0
897,5536,1
898,5545,0
899,5576,1
900,5577,1
901,5592,0
902,5594,0
903,5595,0
904,5596,0
905,5599,0
906,5606,0
907,5617,0
908,5625,1
909,5626,0
910,5627,1
911,5642,1
912,5659,1
913,5664,1
914,5666,1
915,5671,0
916,5674,0
917,5677,1
918,5681,0
919,5683,0
920,5700,0
921,5713,0
922,5715,0
923,5718,0
924,5726,1
925,5738,0
926,5741,1
927,5743,1
928,5753,0
929,5761,0
930,5789,1
931,5797,0
932,5803,1
933,5810,1
934,5813,1
935,5817,1
936,5818,1
937,5822,0
938,5829,0
939,5846,1
940,5847,0
941,5854,0
942,5858,1
943,5863,0
944,5869,0
945,5870,0
946,5876,0
947,5881,0
948,5901,0
949,5922,1
950,5928,1
951,5933,0
952,5934,1
953,5946,0
954,5951,0
955,5955,0
956,5956,1
957,5965,0
958,5972,1
959,5981,0
960,5997,0
961,6005,0
962,6009,0
963,6010,0
964,6015,0
965,6039,0
966,6047,1
967,6051,0
968,6056,0
969,6061,0
970,6064,0
971,6065,0
972,6070,0
973,6085,0
974,6086,0
975,6091,1
976,6097,0
977,6099,0
978,6104,0
979,6108,0
980,6109,0
981,6124,0
982,6142,1
983,6144,0
984,6150,0
985,6154,0
986,6155,0
987,6156,1
988,6158,0
989,6159,1
990,6169,1
991,6170,0
992,6179,0
993,6184,0
994,6186,1
995,6204,0
996,6230,0
997,6231,0
998,6232,1
999,6235,0
1000,6237,1
1001,6239,0
1002,6263,0
1003,6265,0
1004,6270,1
1005,6271,1
1006,6278,1
1007,6279,1
1008,6288,0
1009,6294,0
1010,6295,0
1011,6302,1
1012,6306,0
1013,6322,1
1014,6324,0
1015,6327,0
1016,6331,0
1017,6334,0
1018,6338,1
1019,6339,1
1020,6362,0
1021,6372,0
1022,6375,1
1023,6393,0
1024,6394,0
1025,6405,1
1026,6406,1
1027,6416,1
1028,6421,0
1029,6422,0
1030,6440,1
1031,6457,1
1032,6460,0
1033,6463,1
1034,6474,1
1035,6476,1
1036,6477,1
1037,6482,1
1038,6488,0
1039,6489,0
1040,6494,0
1041,6499,1
1042,6507,0
1043,6524,0
1044,6527,0
1045,6531,0
1046,6536,0
1047,6538,0
1048,6542,1
1049,6565,0
1050,6584,0
1051,6588,0
1052,6597,0
1053,6603,1
1054,6609,1
1055,6613,1
1056,6622,0
1057,6630,0
1058,6637,0
1059,6639,1
1060,6640,0
1061,6646,1
1062,6647,1
1063,6648,1
1064,6669,0
1065,6680,0
1066,6681,0
1067,6684,0
1068,6693,0
1069,6694,0
1070,6704,0
1071,6706,0
1072,6710,0
1073,6713,0
1074,6718,0
1075,6732,0
1076,6737,0
1077,6739,0
1078,6742,0
1079,6746,1
1080,6753,0
1081,6771,0
1082,6784,0
1083,6790,1
1084,6795,1
1085,6807,0
1086,6808,0
1087,6818,0
1088,6823,0
1089,6830,1
1090,6831,0
1091,6832,0
1092,6836,0
1093,6846,1
1094,6850,0
1095,6854,0
1096,6868,1
1097,6876,1
1098,6877,1
1099,6881,0
1100,6882,0
1101,6884,1
1102,6886,0
1103,6901,0
1104,6910,1
1105,6913,0
1106,6914,0
1107,6918,1
1108,6930,1
1109,6941,0
1110,6944,1
1111,6945,1
1112,6947,1
1113,6949,1
1114,6952,0
1115,6963,0
1116,6964,0
1117,6972,1
1118,6979,0
1119,6981,0
1120,6988,1
1121,6990,0
1122,6998,0
1123,7004,0
1124,7016,1
1125,7027,0
1126,7042,0
1127,7056,0
1128,7061,0
1129,7069,1
1130,7071,0
1131,7088,1
1132,7099,0
1133,7108,0
1134,7121,1
1135,7125,1
1136,7136,1
1137,7149,1
1138,7150,1
1139,7151,0
1140,7167,0
1141,7177,1
1142,7178,0
1143,7183,0
1144,7186,0
1145,7190,0
1146,7201,0
1147,7202,0
1148,7207,0
1149,7213,0
1150,7224,1
1151,7225,0
1152,7233,0
1153,7239,0
1154,7246,0
1155,7248,0
1156,7261,1
1157,7264,0
1158,7266,0
1159,7274,0
1160,7279,1
1161,7293,1
1162,7315,0
1163,7322,0
1164,7326,1
1165,7341,0
1166,7363,0
1167,7365,1
1168,7371,0
1169,7377,0
1170,7393,1
1171,7405,0
1172,7410,0
1173,7434,1
1174,7438,0
1175,7447,1
1176,7450,1
1177,7452,0
1178,7453,0
1179,7455,0
1180,7456,0
1181,7457,1
1182,7466,0
1183,7470,1
1184,7474,0
1185,7487,0
1186,7488,0
1187,7492,1
1188,7496,0
1189,7501,0
1190,7505,0
1191,7512,0
1192,7526,1
1193,7536,1
1194,7538,1
1195,7539,0
1196,7544,1
1197,7554,1
1198,7564,0
1199,7566,1
1200,7580,1
1201,7581,1
1202,7584,0
1203,7587,0
1204,7589,1
1205,7590,1
1206,7594,1
1207,7597,0
1208,7602,1
1209,7603,0
1210,7605,1
1211,7609,0
1212,7613,0
1213,7619,0
1214,7625,0
1215,7626,0
1216,7636,0
1217,7639,1
1218,7641,0
1219,7643,1
1220,7644,0
1221,7657,0
1222,7661,1
1223,7666,0
1224,7673,0
1225,7683,0
1226,7685,0
1227,7699,0
1228,7704,1
1229,7705,1
1230,7708,1
1231,7728,0
1232,7733,0
1233,7741,0
1234,7743,0
1235,7745,0
1236,7754,1
1237,7756,0
1238,7757,0
1239,7770,1
1240,7773,1
1241,7774,0
1242,7776,1
1243,7777,0
1244,7778,0
1245,7781,0
1246,7784,0
1247,7789,1
1248,7794,1
1249,7799,0
1250,7801,1
1251,7818,0
1252,7823,0
1253,7828,0
1254,7832,0
1255,7839,0
1256,7851,1
1257,7856,0
1258,7868,0
1259,7869,0
1260,7872,0
1261,7874,0
1262,7878,0
1263,7888,0
1264,7913,0
1265,7923,0
1266,7925,0
1267,7926,1
1268,7938,0
1269,7942,1
1270,7945,0
1271,7954,1
1272,7963,0
1273,7969,0
1274,7970,0
1275,7977,0
1276,7981,0
1277,7990,0
1278,8020,1
1279,8023,0
1280,8025,1
1281,8034,1
1282,8039,1
1283,8046,1
1284,8051,0
1285,8055,1
1286,8060,0
1287,8063,0
1288,8073,1
1289,8074,0
1290,8076,1
1291,8080,0
1292,8088,0
1293,8102,1
1294,8103,0
1295,8104,0
1296,8105,0
1297,8109,0
1298,8115,0
1299,8121,1
1300,8126,0
1301,8135,1
1302,8153,0
1303,8156,0
1304,8160,1
1305,8161,1
1306,8162,1
1307,8171,0
1308,8181,0
1309,8183,0
1310,8185,0
1311,8191,1
1312,8203,0
1313,8204,1
1314,8207,1
1315,8208,0
1316,8209,1
1317,8210,0
1318,8225,0
1319,8226,0
1320,8231,1
1321,8233,0
1322,8244,1
1323,8250,0
1324,8261,0
1325,8265,0
1326,8278,0
1327,8279,0
1328,8280,0
1329,8296,1
1330,8299,1
1331,8300,1
1332,8301,1
1333,8305,1
1334,8327,0
1335,8334,0
1336,8349,0
1337,8355,0
1338,8361,0
1339,8362,0
1340,8364,0
1341,8365,0
1342,8375,0
1343,8378,1
1344,8380,0
1345,8381,0
1346,8387,0
1347,8399,1
1348,8402,1
1349,8409,0
1350,8433,1
1351,8436,0
1352,8442,0
1353,8448,0
1354,8464,0
1355,8469,1
1356,8474,1
1357,8478,1
1358,8482,0
1359,8490,0
1360,8510,0
1361,8511,0
1362,8527,0
1363,8532,0
1364,8533,0
1365,8538,0
1366,8541,0
1367,8545,0
1368,8553,0
1369,8554,0
1370,8555,0
1371,8569,0
1372,8586,1
1373,8593,0
1374,8600,1
1375,8606,1
1376,8607,0
1377,8611,0
1378,8613,1
1379,8618,1
1380,8630,0
1381,8637,0
1382,8650,0
1383,8652,0
1384,8661,0
1385,8669,0
1386,8673,0
1387,8674,0
1388,8678,1
1389,8682,0
1390,8688,0
1391,8689,1
1392,8695,0
1393,8698,0
1394,8703,0
1395,8709,1
1396,8716,1
1397,8723,1
1398,8737,1
1399,8753,0
1400,8773,0
1401,8774,0
1402,8778,1
1403,8786,1
1404,8794,0
1405,8795,1
1406,8800,0
1407,8804,0
1408,8808,0
1409,8809,0
1410,8817,0
1411,8818,0
1412,8825,0
1413,8830,0
1414,8833,0
1415,8834,0
1416,8836,0
1417,8837,0
1418,8844,0
1419,8851,0
1420,8861,1
1421,8864,0
1422,8865,0
1423,8869,0
1424,8873,1
1425,8880,1
1426,8884,0
1427,8888,1
1428,8889,0
1429,8891,1
1430,8893,1
1431,8897,1
1432,8905,1
1433,8910,1
1434,8918,1
1435,8939,0
1436,8940,0
1437,8941,0
1438,8944,0
1439,8949,0
1440,8950,0
1441,8958,1
1442,8967,1
1443,8975,1
1444,8979,1
1445,8980,1
1446,8991,1
1447,8995,1
1448,8996,0
1449,8998,1
1450,9000,0
1451,9001,1
1452,9002,0
1453,9024,1
1454,9026,1
1455,9027,1
1456,9034,1
1457,9038,1
1458,9050,1
1459,9052,1
1460,9054,1
1461,9078,1
1462,9097,0
1463,9109,0
1464,9112,1
1465,9115,0
1466,9125,0
1467,9132,0
1468,9136,0
1469,9139,0
1470,9140,0
1471,9142,1
1472,9143,0
1473,9147,1
1474,9159,0
1475,9165,1
1476,9172,0
1477,9177,0
1478,9179,0
1479,9185,0
1480,9196,1
1481,9201,1
1482,9209,1
1483,9210,1
1484,9212,0
1485,9214,0
1486,9240,1
1487,9241,0
1488,9244,0
1489,9249,0
1490,9250,1
1491,9255,0
1492,9258,1
1493,9263,0
1494,9266,1
1495,9269,0
1496,9272,0
1497,9276,1
1498,9290,0
1499,9299,0
1500,9303,0
1501,9310,0
1502,9311,0
1503,9314,0
1504,9315,1
1505,9325,1
1506,9328,1
1507,9329,1
1508,9332,1
1509,9337,1
1510,9353,1
1511,9355,0
1512,9356,0
1513,9362,1
1514,9364,0
1515,9366,0
1516,9387,1
1517,9388,1
1518,9396,1
1519,9400,1
1520,9406,1
1521,9411,1
1522,9416,1
1523,9417,1
1524,9423,1
1525,9425,0
1526,9426,0
1527,9427,0
1528,9429,1
1529,9430,1
1530,9434,0
1531,9442,1
1532,9458,0
1533,9476,0
1534,9481,1
1535,9483,1
1536,9484,1
1537,9487,1
1538,9488,1
1539,9490,1
1540,9502,1
1541,9505,1
1542,9509,1
1543,9515,0
1544,9516,0
1545,9532,0
1546,9539,1
1547,9542,0
1548,9549,0
1549,9550,1
1550,9553,0
1551,9554,0
1552,9561,1
1553,9566,1
1554,9571,0
1555,9577,1
1556,9584,1
1557,9592,0
1558,9596,1
1559,9602,0
1560,9603,0
1561,9604,1
1562,9608,1
1563,9609,0
1564,9613,0
1565,9623,0
1566,9630,1
1567,9633,1
1568,9648,0
1569,9665,0
1570,9668,0
1571,9678,0
1572,9679,0
1573,9693,1
1574,9718,1
1575,9720,1
1576,9744,0
1577,9745,0
1578,9746,1
1579,9753,0
1580,9758,1
1581,9759,1
1582,9763,1
1583,9766,1
1584,9767,1
1585,9777,1
1586,9781,0
1587,9789,0
1588,9790,0
1589,9799,0
1590,9802,0
1591,9805,1
1592,9807,0
1593,9812,0
1594,9818,0
1595,9820,1
1596,9822,0
1597,9824,0
1598,9834,0
1599,9836,0
1600,9847,0
1601,9864,1
1602,9869,0
1603,9875,0
1604,9880,0
1605,9889,1
1606,9894,0
1607,9909,1
1608,9915,1
1609,9919,1
1610,9920,1
1611,9940,1
1612,9946,1
1613,9958,1
1614,9959,0
1615,9973,1
1616,9976,0
1617,9978,1
1618,9982,1
1619,9987,0
1620,9988,0
1621,9992,1
1622,10000,0
1623,10002,1
1624,10005,0
1625,10008,0
1626,10009,1
1627,10011,0
1628,10021,0
1629,10022,1
1630,10053,0
1631,10074,0
1632,10076,0
1633,10090,0
1634,10092,0
1635,10099,1
1636,10102,1
1637,10103,1
1638,10106,1
1639,10108,1
1640,10113,1
1641,10119,0
1642,10122,0
1643,10125,0
1644,10140,0
1645,10155,0
1646,10159,0
1647,10164,0
1648,10175,0
1649,10176,1
1650,10178,0
1651,10186,0
1652,10200,0
1653,10204,0
1654,10206,0
1655,10211,0
1656,10212,0
1657,10217,0
1658,10220,1
1659,10230,1
1660,10234,0
1661,10235,0
1662,10239,0
1663,10240,0
1664,10242,0
1665,10245,0
1666,10246,1
1667,10247,0
1668,10250,0
1669,10254,1
1670,10257,1
1671,10260,1
1672,10261,1
1673,10265,1
1674,10273,1
1675,10274,1
1676,10277,1
1677,10289,1
1678,10290,1
1679,10298,0
1680,10301,0
1681,10304,0
1682,10305,1
1683,10313,1
1684,10320,0
1685,10323,0
1686,10328,0
1687,10332,1
1688,10336,1
1689,10343,0
1690,10348,0
1691,10350,0
1692,10351,0
1693,10354,0
1694,10372,0
1695,10373,1
1696,10380,0
1697,10383,0
1698,10396,1
1699,10397,0
1700,10399,1
1701,10400,0
1702,10401,0
1703,10402,0
1704,10403,0
1705,10410,1
1706,10412,0
1707,10415,0
1708,10424,0
1709,10428,0
1710,10432,0
1711,10462,0
1712,10477,0
1713,10482,1
1714,10484,1
1715,10493,1
1716,10495,1
1717,10497,1
1718,10516,0
1719,10521,0
1720,10522,1
1721,10523,1
1722,10528,1
1723,10530,1
1724,10532,1
1725,10533,1
1726,10543,1
1727,10547,1
1728,10552,0
1729,10558,0
1730,10571,0
1731,10572,0
1732,10574,0
1733,10583,1
1734,10600,0
1735,10607,1
1736,10608,1
1737,10614,0
1738,10630,1
1739,10634,0
1740,10635,0
1741,10641,1
1742,10643,0
1743,10644,0
1744,10648,0
1745,10669,0
1746,10675,1
1747,10686,1
1748,10704,0
1749,10707,0
1750,10722,0
1751,10736,1
1752,10764,0
1753,10767,1
1754,10776,0
1755,10779,0
1756,10781,0
1757,10792,0
1758,10797,0
1759,10798,0
1760,10801,0
1761,10802,0
1762,10805,0
1763,10808,0
1764,10810,1
1765,10816,0
1766,10817,0
1767,10829,1
1768,10843,0
1769,10858,0
1770,10866,0
1771,10876,0
1772,10887,0
1773,10891,0
1774,10896,0
1775,10900,1
1776,10905,0
1777,10907,0
1778,10917,0
1779,10936,0
1780,10947,0
1781,10948,1
1782,10951,0
1783,10955,0
1784,10969,0
1785,10984,0
1786,10987,0
1787,10990,0
1788,10992,0
1789,10996,1
1790,10997,1
1791,10999,1
1792,11000,1
1793,11001,1
1794,11010,1
1795,11016,1
1796,11018,1
1797,11034,1
1798,11039,0
1799,11041,0
1800,11047,0
1801,11053,1
1802,11055,0
1803,11056,0
1804,11065,0
1805,11068,1
1806,11070,0
1807,11071,1
1808,11072,0
1809,11079,0
1810,11091,0
1811,11094,0
1812,11112,1
1813,11113,0
1814,11128,0
1815,11153,0
1816,11154,0
1817,11163,0
1818,11179,0
1819,11181,0
1820,11206,0
1821,11216,0
1822,11221,0
1823,11223,1
1824,11228,1
1825,11235,0
1826,11237,0
1827,11244,0
1828,11256,0
1829,11267,0
1830,11272,1
1831,11281,0
1832,11285,0
1833,11288,0
1834,11291,0
1835,11293,0
1836,11297,0
1837,11298,0
1838,11299,0
1839,11301,0
1840,11309,1
1841,11331,0
1842,11332,0
1843,11337,0
1844,11343,1
1845,11347,0
1846,11348,1
1847,11355,1
1848,11368,0
1849,11369,1
1850,11371,1
1851,11378,1
1852,11384,0
1853,11387,0
1854,11393,0
1855,11399,0
1856,11412,1
1857,11431,1
1858,11432,1
1859,11444,1
1860,11450,1
1861,11451,1
1862,11476,0
1863,11488,0
1864,11495,1
1865,11505,0
1866,11508,1
1867,11518,1
1868,11522,1
1869,11524,1
1870,11533,0
1871,11549,0
1872,11551,1
1873,11560,0
1874,11563,0
1875,11565,1
1876,11567,0
1877,11569,0
1878,11598,1
1879,11604,1
1880,11611,0
1881,11617,0
1882,11626,0
1883,11642,1
1884,11643,1
1885,11648,0
1886,11651,0
1887,11663,0
1888,11666,0
1889,11685,0
1890,11686,0
1891,11698,0
1892,11708,0
1893,11711,0
1894,11718,0
1895,11742,0
1896,11761,1
1897,11767,0
1898,11768,0
1899,11775,0
1900,11779,0
1901,11786,1
1902,11790,1
1903,11791,0
1904,11796,0
1905,11806,1
1906,11810,0
1907,11811,0
1908,11814,1
1909,11816,0
1910,11820,0
1911,11822,0
1912,11829,0
1913,11832,0
1914,11834,1
1915,11836,0
1916,11837,1
1917,11844,1
1918,11847,1
1919,11864,1
1920,11865,1
1921,11872,0
1922,11873,0
1923,11886,0
1924,11894,0
1925,11905,0
1926,11906,0
1927,11907,1
1928,11912,1
1929,11914,1
1930,11918,1
1931,11924,0
1932,11929,1
1933,11930,0
1934,11936,0
1935,11937,0
1936,11954,0
1937,11957,0
1938,11964,0
1939,11968,0
1940,11972,0
1941,11976,0
1942,11979,0
1943,11981,0
1944,11983,0
1945,11989,0
1946,11991,0
1947,11998,0
1948,12003,0
1949,12007,0
1950,12011,1
1951,12014,0
1952,12024,1
1953,12033,1
1954,12034,1
1955,12041,1
1956,12046,1
1957,12056,0
1958,12064,0
1959,12069,0
1960,12070,0
1961,12071,0
1962,12072,0
1963,12078,0
1964,12091,0
1965,12092,0
1966,12094,0
1967,12098,0
1968,12103,0
1969,12115,1
1970,12118,0
1971,12122,1
1972,12125,1
1973,12133,0
1974,12137,1
1975,12141,0
1976,12143,0
1977,12144,1
1978,12154,0
1979,12163,0
1980,12170,1
1981,12193,0
1982,12196,0
1983,12206,1
1984,12209,1
1985,12214,1
1986,12228,0
1987,12233,1
1988,12238,1
1989,12242,0
1990,12245,1
1991,12247,0
1992,12251,0
1993,12287,0
1994,12292,1
1995,12304,0
1996,12317,1
1997,12320,1
1998,12323,1
1999,12328,0
2000,12333,1
2001,12334,0
2002,12335,0
2003,12352,0
2004,12358,0
2005,12364,0
2006,12376,0
2007,12396,0
2008,12402,1
2009,12406,0
2010,12408,0
2011,12410,1
2012,12413,1
2013,12417,0
2014,12424,1
2015,12425,0
2016,12426,0
2017,12430,0
2018,12432,1
2019,12433,0
2020,12451,0
2021,12457,1
2022,12465,0
2023,12468,1
2024,12474,0
2025,12475,0
2026,12486,1
2027,12487,1
2028,12514,1
2029,12524,1
2030,12526,0
2031,12530,0
2032,12532,0
2033,12593,1
2034,12599,0
2035,12600,0
2036,12603,0
2037,12624,1
2038,12630,0
2039,12638,0
2040,12641,1
2041,12643,1
2042,12656,0
2043,12666,1
2044,12673,1
2045,12675,0
2046,12678,1
2047,12692,0
2048,12693,1
2049,12707,0
2050,12711,1
2051,12716,0
2052,12717,1
2053,12723,0
2054,12738,0
2055,12742,1
2056,12746,1
2057,12753,1
2058,12758,1
2059,12760,1
2060,12763,0
2061,12764,0
2062,12768,0
2063,12776,0
2064,12777,0
2065,12783,1
2066,12804,0
2067,12824,0
2068,12839,0
2069,12847,0
2070,12850,1
2071,12867,1
2072,12883,0
2073,12887,0
2074,12890,0
2075,12903,0
2076,12906,0
2077,12907,0
2078,12909,0
2079,12912,0
2080,12915,0
2081,12930,1
2082,12931,0
2083,12934,0
2084,12951,0
2085,12955,0
2086,12973,0
2087,12988,0
2088,12999,0
2089,13015,1
2090,13026,1
2091,13036,0
2092,13039,0
2093,13040,0
2094,13041,0
2095,13043,1
2096,13057,0
2097,13064,0
2098,13068,1
2099,13069,1
2100,13073,0
2101,13079,1
2102,13086,0
2103,13089,1
2104,13093,0
2105,13097,1
2106,13098,0
2107,13105,0
2108,13107,1
2109,13108,0
2110,13110,1
2111,13112,1
2112,13114,0
2113,13118,0
2114,13127,0
2115,13129,0
2116,13142,1
2117,13146,0
2118,13149,0
2119,13157,0
2120,13158,1
2121,13159,1
2122,13161,0
2123,13162,0
2124,13166,0
2125,13168,0
2126,13170,1
2127,13186,1
2128,13191,0
2129,13203,0
2130,13209,0
2131,13212,0
2132,13213,0
2133,13222,0
2134,13229,1
2135,13234,1
2136,13257,1
2137,13258,0
2138,13268,0
2139,13270,0
2140,13291,0
2141,13292,0
2142,13299,0
2143,13307,1
2144,13309,0
2145,13311,0
2146,13312,0
2147,13322,0
2148,13324,1
2149,13330,0
2150,13338,0
2151,13344,0
2152,13348,0
2153,13355,1
2154,13365,1
2155,13368,0
2156,13370,0
2157,13372,1
2158,13377,1
2159,13385,1
2160,13389,0
2161,13393,0
2162,13395,0
2163,13404,0
2164,13411,1
2165,13416,1
2166,13434,0
2167,13435,1
2168,13445,0
2169,13446,0
2170,13451,1
2171,13462,1
2172,13464,0
2173,13466,0
2174,13471,1
2175,13472,1
2176,13477,1
2177,13481,0
2178,13484,1
2179,13490,0
2180,13492,1
2181,13500,0
2182,13508,1
2183,13516,1
2184,13525,0
2185,13526,0
2186,13530,1
2187,13532,0
2188,13538,0
2189,13546,0
2190,13548,0
2191,13550,1
2192,13551,0
2193,13564,1
2194,13566,1
2195,13570,1
2196,13580,0
2197,13585,0
2198,13588,0
2199,13592,0
2200,13594,0
2201,13609,0
2202,13610,1
2203,13613,1
2204,13625,0
2205,13626,1
2206,13639,1
2207,13645,1
2208,13647,0
2209,13648,0
2210,13652,1
2211,13654,1
2212,13664,0
2213,13673,0
2214,13684,0
2215,13690,0
2216,13693,0
2217,13696,0
2218,13700,1
2219,13701,0
2220,13707,1
2221,13713,0
2222,13714,0
2223,13716,1
2224,13720,0
2225,13727,1
2226,13733,1
2227,13738,0
2228,13757,1
2229,13759,1
2230,13761,0
2231,13767,0
2232,13782,0
2233,13786,0
2234,13787,0
2235,13792,0
2236,13795,1
2237,13798,0
2238,13807,1
2239,13809,1
2240,13811,1
2241,13815,1
2242,13817,1
2243,13818,1
2244,13822,1
2245,13824,0
2246,13829,0
2247,13832,1
2248,13840,0
2249,13841,0
2250,13868,0
2251,13871,1
2252,13880,0
2253,13888,1
2254,13890,1
2255,13891,0
2256,13895,0
2257,13907,0
2258,13910,1
2259,13912,1
2260,13913,0
2261,13923,1
2262,13929,0
2263,13936,0
2264,13946,0
2265,13950,0
2266,13951,0
2267,13954,0
2268,13958,1
2269,13969,0
2270,13980,0
2271,13981,0
2272,13986,0
2273,13987,0
2274,13989,1
2275,13992,0
2276,13994,0
2277,14001,1
2278,14002,1
2279,14004,0
2280,14006,0
2281,14012,1
2282,14021,0
2283,14024,1
2284,14045,0
2285,14047,1
2286,14057,0
2287,14059,0
2288,14060,0
2289,14068,0
2290,14070,0
2291,14074,0
2292,14076,0
2293,14089,0
2294,14115,1
2295,14116,1
2296,14128,1
2297,14131,0
2298,14134,1
2299,14137,1
2300,14138,0
2301,14139,1
2302,14152,0
2303,14153,1
2304,14155,0
2305,14156,1
2306,14164,0
2307,14165,0
2308,14171,0
2309,14174,0
2310,14181,0
2311,14186,1
2312,14192,0
2313,14201,0
2314,14210,1
2315,14214,0
2316,14231,0
2317,14236,0
2318,14241,0
2319,14245,0
2320,14249,0
2321,14251,0
2322,14262,0
2323,14265,0
2324,14267,0
2325,14270,1
2326,14276,1
2327,14279,0
2328,14281,0
2329,14289,0
2330,14290,0
2331,14293,1
2332,14295,1
2333,14297,0
2334,14298,0
2335,14310,0
2336,14312,1
2337,14315,1
2338,14318,1
2339,14319,1
2340,14325,1
2341,14331,0
2342,14334,0
2343,14341,1
2344,14343,1
2345,14344,1
2346,14346,1
2347,14347,1
2348,14349,1
2349,14352,1
2350,14358,1
2351,14361,1
2352,14363,1
2353,14374,0
2354,14376,0
2355,14381,0
2356,14398,0
2357,14410,0
2358,14412,0
2359,14415,0
2360,14423,1
2361,14425,0
2362,14436,0
2363,14444,0
2364,14455,1
2365,14465,0
2366,14469,0
2367,14471,0
2368,14475,0
2369,14479,0
2370,14480,0
2371,14488,1
2372,14491,1
2373,14501,0
2374,14520,1
2375,14522,1
2376,14523,0
2377,14537,1
2378,14538,1
2379,14550,0
2380,14561,0
2381,14575,0
2382,14586,0
2383,14592,0
2384,14601,1
2385,14602,0
2386,14604,0
2387,14606,0
2388,14627,0
2389,14641,1
2390,14652,0
2391,14662,1
2392,14665,1
2393,14673,1
2394,14675,1
2395,14679,1
2396,14683,0
2397,14686,0
2398,14705,0
2399,14708,0
2400,14709,1
2401,14710,0
2402,14715,1
2403,14717,0
2404,14723,0
2405,14725,0
2406,14727,1
2407,14728,0
2408,14735,0
2409,14746,0
2410,14752,0
2411,14757,0
2412,14762,1
2413,14763,0
2414,14797,0
2415,14812,0
2416,14818,1
2417,14825,0
2418,14827,0
2419,14829,0
2420,14830,0
2421,14837,0
2422,14849,1
2423,14863,0
2424,14869,0
2425,14882,0
2426,14884,1
2427,14886,1
2428,14888,1
2429,14890,0
2430,14904,0
2431,14938,0
2432,14952,0
2433,14958,1
2434,14963,0
2435,14979,0
2436,14980,0
2437,14986,0
2438,14988,0
2439,15003,0
2440,15006,1
2441,15009,1
2442,15015,1
2443,15024,0
2444,15030,1
2445,15036,0
2446,15038,1
2447,15039,0
2448,15047,1
2449,15049,0
2450,15056,1
2451,15068,0
2452,15070,0
2453,15073,0
2454,15081,0
2455,15084,0
2456,15088,1
2457,15092,0
2458,15095,0
2459,15097,0
2460,15098,0
2461,15115,1
2462,15120,1
2463,15126,0
2464,15133,0
2465,15143,0
2466,15156,0
2467,15164,0
2468,15178,1
2469,15198,1
2470,15200,0
2471,15208,0
2472,15214,1
2473,15218,1
2474,15231,0
2475,15238,0
2476,15239,0
2477,15240,0
2478,15249,0
2479,15256,0
2480,15260,1
2481,15290,0
2482,15307,1
2483,15308,1
2484,15321,1
2485,15323,1
2486,15325,0
2487,15342,0
2488,15346,0
2489,15349,0
2490,15354,0
2491,15362,0
2492,15379,0
2493,15383,0
2494,15394,0
2495,15401,0
2496,15405,0
2497,15407,0
2498,15412,0
2499,15413,0
2500,15415,0
2501,15427,1
2502,15430,1
2503,15436,1
2504,15439,0
2505,15443,1
2506,15444,1
2507,15445,1
2508,15450,0
2509,15456,1
2510,15465,0
2511,15466,0
2512,15470,0
2513,15474,0
2514,15476,0
2515,15482,0
2516,15492,0
2517,15510,1
2518,15519,0
2519,15523,0
2520,15535,1
2521,15561,1
2522,15564,1
2523,15566,0
2524,15579,0
2525,15580,0
2526,15581,0
2527,15587,0
2528,15589,0
2529,15591,0
2530,15597,0
2531,15620,1
2532,15627,1
2533,15636,1
2534,15653,0
2535,15662,1
2536,15664,0
2537,15666,0
2538,15667,0
2539,15674,0
2540,15692,0
2541,15715,0
2542,15736,1
2543,15744,1
2544,15746,0
2545,15758,0
2546,15760,0
2547,15766,0
2548,15767,1
2549,15789,0
2550,15810,0
2551,15818,0
2552,15820,0
2553,15830,0
2554,15844,0
2555,15850,0
2556,15857,0
2557,15863,1
2558,15869,0
2559,15872,0
2560,15873,1
2561,15884,0
2562,15885,1
2563,15891,1
2564,15898,1
2565,15900,0
2566,15932,0
2567,15940,0
2568,15944,0
2569,15945,0
2570,15963,1
2571,15970,0
2572,15977,0
2573,15982,0
2574,15985,0
2575,15995,0
2576,16004,0
2577,16005,1
2578,16011,0
2579,16019,1
2580,16021,1
2581,16051,1
2582,16065,0
2583,16066,0
2584,16076,0
2585,16091,0
2586,16094,0
2587,16101,0
2588,16104,1
2589,16113,1
2590,16114,1
2591,16115,1
2592,16127,1
2593,16128,0
2594,16138,1
2595,16139,1
2596,16142,0
2597,16144,1
2598,16148,1
2599,16151,0
2600,16156,1
2601,16165,1
2602,16166,0
2603,16179,1
2604,16193,1
2605,16196,1
2606,16198,0
2607,16210,1
2608,16232,0
2609,16237,0
2610,16240,0
2611,16252,0
2612,16259,0
2613,16262,0
2614,16263,0
2615,16270,1
2616,16272,1
2617,16290,0
2618,16295,1
2619,16297,0
2620,16299,0
2621,16300,0
2622,16302,0
2623,16303,0
2624,16305,0
2625,16309,0
2626,16312,0
2627,16320,0
2628,16326,0
2629,16327,0
2630,16338,0
2631,16342,0
2632,16346,1
2633,16348,0
2634,16355,1
2635,16356,1
2636,16378,1
2637,16382,0
2638,16391,0
2639,16392,0
2640,16395,1
2641,16399,0
2642,16403,0
2643,16408,0
2644,16413,0
2645,16415,0
2646,16417,0
2647,16420,0
2648,16431,0
2649,16439,1
2650,16444,1
2651,16446,0
2652,16451,1
2653,16454,0
2654,16461,0
2655,16462,0
2656,16469,0
2657,16484,0
2658,16486,1
2659,16487,0
2660,16491,0
2661,16494,0
2662,16507,0
2663,16508,0
2664,16519,0
2665,16523,0
2666,16526,1
2667,16530,0
2668,16532,1
2669,16542,0
2670,16550,1
2671,16555,0
2672,16558,0
2673,16567,1
2674,16576,0
2675,16579,0
2676,16595,1
2677,16598,0
2678,16600,0
2679,16604,1
2680,16605,1
2681,16607,1
2682,16610,0
2683,16612,1
2684,16617,1
2685,16625,1
2686,16632,0
2687,16634,1
2688,16650,0
2689,16654,1
2690,16655,1
2691,16656,1
2692,16657,1
2693,16660,1
2694,16662,1
2695,16669,0
2696,16675,1
2697,16676,0
2698,16678,0
2699,16679,0
2700,16693,0
2701,16701,0
2702,16715,0
2703,16722,0
2704,16724,0
2705,16727,0
2706,16735,0
2707,16741,0
2708,16752,0
2709,16758,0
2710,16765,0
2711,16771,0
2712,16785,0
2713,16793,1
2714,16800,0
2715,16805,0
2716,16809,0
2717,16820,0
2718,16827,0
2719,16830,0
2720,16843,1
2721,16847,0
2722,16855,1
2723,16860,1
2724,16862,1
2725,16863,1
2726,16872,0
2727,16874,0
2728,16876,0
2729,16893,0
2730,16895,0
2731,16914,0
2732,16917,0
2733,16926,0
2734,16930,1
2735,16931,0
2736,16932,0
2737,16934,0
2738,16937,0
2739,16941,0
2740,16942,1
2741,16957,1
2742,16962,1
2743,16967,0
2744,16968,0
2745,16972,0
2746,16974,0
2747,16984,0
2748,16987,0
2749,16994,1
2750,16995,1
2751,16999,0
2752,17034,0
2753,17038,0
2754,17040,0
2755,17050,0
2756,17068,0
2757,17077,0
2758,17079,1
2759,17082,1
2760,17085,0
2761,17087,0
2762,17099,1
2763,17105,0
2764,17108,0
2765,17110,0
2766,17111,0
2767,17123,0
2768,17124,1
2769,17130,1
2770,17138,1
2771,17143,1
2772,17157,0
2773,17160,1
2774,17166,0
2775,17167,0
2776,17179,0
2777,17180,0
2778,17189,1
2779,17197,1
2780,17219,1
2781,17223,0
2782,17225,1
2783,17229,1
2784,17234,0
2785,17235,0
2786,17239,0
2787,17242,0
2788,17243,0
2789,17246,1
2790,17247,0
2791,17255,0
2792,17258,1
2793,17260,1
2794,17264,1
2795,17270,0
2796,17271,0
2797,17272,0
2798,17285,0
2799,17294,0
2800,17297,0
2801,17298,1
2802,17299,0
2803,17306,0
2804,17324,0
2805,17326,0
2806,17330,0
2807,17345,0
2808,17351,1
2809,17352,0
2810,17372,0
2811,17381,1
2812,17385,1
2813,17388,0
2814,17390,1
2815,17392,1
2816,17399,0
2817,17404,0
2818,17407,0
2819,17408,0
2820,17416,1
2821,17418,0
2822,17434,1
2823,17438,1
2824,17443,1
2825,17444,0
2826,17453,0
2827,17460,1
2828,17467,1
2829,17480,1
2830,17488,1
2831,17490,0
2832,17493,0
2833,17498,0
2834,17503,1
2835,17513,1
2836,17520,1
2837,17525,0
2838,17534,0
2839,17545,1
2840,17553,0
2841,17554,0
2842,17557,0
2843,17563,1
2844,17576,0
2845,17577,0
2846,17580,1
2847,17582,0
2848,17596,0
2849,17597,0
2850,17602,1
2851,17614,1
2852,17623,0
2853,17624,1
2854,17627,1
2855,17628,0
2856,17630,0
2857,17634,1
2858,17640,0
2859,17652,0
2860,17657,0
2861,17661,0
2862,17662,0
2863,17666,0
2864,17682,1
2865,17688,0
2866,17693,0
2867,17705,0
2868,17711,0
2869,17715,0
2870,17717,0
2871,17721,0
2872,17728,0
2873,17737,0
2874,17745,0
2875,17755,0
2876,17764,1
2877,17774,0
2878,17785,0
2879,17786,1
2880,17789,1
2881,17802,1
2882,17810,1
2883,17819,1
2884,17825,0
2885,17828,0
2886,17833,0
2887,17841,1
2888,17842,0
2889,17844,0
2890,17849,0
2891,17855,0
2892,17857,1
2893,17861,1
2894,17863,1
2895,17868,1
2896,17876,1
2897,17882,1
2898,17885,0
2899,17893,0
2900,17894,0
2901,17902,0
2902,17906,0
2903,17911,0
2904,17917,0
2905,17921,0
2906,17941,0
2907,17945,0
2908,17949,0
2909,17954,0
2910,17957,0
2911,17958,1
2912,17960,0
2913,17985,1
2914,18000,0
2915,18002,0
2916,18008,0
2917,18014,1
2918,18015,1
2919,18019,0
2920,18021,1
2921,18026,0
2922,18029,0
2923,18034,1
2924,18035,0
2925,18036,0
2926,18039,1
2927,18066,0
2928,18076,0
2929,18089,0
2930,18104,0
2931,18110,0
2932,18129,1
2933,18131,1
2934,18133,0
2935,18136,0
2936,18148,1
2937,18152,0
2938,18167,1
2939,18177,0
2940,18178,0
2941,18183,0
2942,18194,0
2943,18197,0
2944,18213,0
2945,18214,0
2946,18221,0
2947,18227,0
2948,18239,1
2949,18245,0
2950,18266,0
2951,18267,0
2952,18274,0
2953,18283,1
2954,18297,0
2955,18302,0
2956,18303,1
2957,18315,1
2958,18324,0
2959,18326,1
2960,18334,0
2961,18336,0
2962,18344,0
2963,18346,0
2964,18347,0
2965,18350,0
2966,18352,0
2967,18364,0
2968,18366,0
2969,18373,0
2970,18391,0
2971,18393,0
2972,18395,1
2973,18400,1
2974,18408,0
2975,18421,1
2976,18425,1
2977,18443,0
2978,18451,0
2979,18456,0
2980,18458,1
2981,18460,0
2982,18467,0
2983,18468,0
2984,18475,0
2985,18485,0
2986,18494,1
2987,18495,1
2988,18508,1
2989,18530,0
2990,18533,0
2991,18547,0
2992,18548,0
2993,18553,0
2994,18561,0
2995,18565,1
2996,18572,0
2997,18593,0
2998,18600,0
2999,18621,1
3000,18629,1
3001,18637,0
3002,18649,0
3003,18653,1
3004,18660,0
3005,18671,0
3006,18672,0
3007,18677,0
3008,18681,1
3009,18684,1
3010,18686,0
3011,18689,0
3012,18690,0
3013,18709,1
3014,18716,1
3015,18723,0
3016,18773,0
3017,18782,0
3018,18797,0
3019,18810,0
3020,18817,1
3021,18820,1
3022,18825,0
3023,18837,1
3024,18850,1
3025,18857,0
3026,18861,0
3027,18867,0
3028,18870,0
3029,18877,0
3030,18887,0
3031,18898,0
3032,18900,1
3033,18914,1
3034,18921,0
3035,18922,1
3036,18945,0
3037,18947,1
3038,18953,0
3039,18954,0
3040,18957,0
3041,18960,1
3042,18973,0
3043,18983,0
3044,18990,0
3045,18991,0
3046,18993,0
3047,18995,0
3048,18996,0
3049,19003,0
3050,19014,0
3051,19015,0
3052,19019,1
3053,19028,0
3054,19038,0
3055,19040,0
3056,19046,0
3057,19051,0
3058,19054,1
3059,19056,0
3060,19074,0
3061,19085,1
3062,19099,1
3063,19124,0
3064,19134,0
3065,19141,0
3066,19146,1
3067,19150,0
3068,19170,1
3069,19176,1
3070,19187,0
3071,19189,0
3072,19202,0
3073,19208,1
3074,19209,1
3075,19210,1
3076,19216,1
3077,19217,1
3078,19218,1
3079,19223,0
3080,19240,0
3081,19246,0
3082,19269,0
3083,19275,1
3084,19287,0
3085,19298,0
3086,19303,0
3087,19313,1
3088,19325,1
3089,19326,1
3090,19328,1
3091,19330,1
3092,19340,1
3093,19342,1
3094,19343,1
3095,19344,1
3096,19363,0
3097,19364,0
3098,19371,0
3099,19376,0
3100,19377,0
3101,19381,0
3102,19384,0
3103,19390,0
3104,19402,0
3105,19405,0
3106,19409,0
3107,19418,1
3108,19429,0
3109,19446,1
3110,19458,1
3111,19460,1
3112,19462,1
3113,19465,0
3114,19472,1
3115,19480,0
3116,19503,1
3117,19507,1
3118,19517,0
3119,19533,1
3120,19537,0
3121,19541,1
3122,19563,0
3123,19566,1
3124,19568,0
3125,19576,0
3126,19591,0
3127,19597,1
3128,19619,1
3129,19622,1
3130,19623,0
3131,19624,0
3132,19627,0
3133,19629,0
3134,19633,0
3135,19639,0
3136,19641,0
3137,19643,0
3138,19649,0
3139,19652,1
3140,19657,0
3141,19660,1
3142,19668,1
3143,19678,0
3144,19686,0
3145,19690,0
3146,19694,0
3147,19695,0
3148,19702,1
3149,19712,0
3150,19720,1
3151,19735,1
3152,19739,0
3153,19740,1
3154,19743,0
3155,19750,0
3156,19752,1
3157,19754,0
3158,19762,0
3159,19770,0
3160,19775,1
3161,19777,0
3162,19782,0
3163,19783,1
3164,19786,0
3165,19805,0
3166,19808,0
3167,19819,1
3168,19821,0
3169,19827,0
3170,19830,1
3171,19832,1
3172,19833,1
3173,19834,1
3174,19843,1
3175,19844,1
3176,19846,1
3177,19847,1
3178,19850,1
3179,19851,0
3180,19861,1
3181,19873,0
3182,19878,0
3183,19886,0
3184,19892,1
3185,19901,0
3186,19902,0
3187,19920,1
3188,19921,0
3189,19922,0
3190,19929,0
3191,19932,0
3192,19935,0
3193,19936,0
3194,19946,0
3195,19950,0
3196,19952,0
3197,19955,0
3198,19976,0
3199,19983,0
3200,19987,0
3201,19991,1
3202,19996,1
3203,20007,1
3204,20015,0
3205,20019,0
3206,20023,0
3207,20034,0
3208,20036,0
3209,20038,0
3210,20039,0
3211,20040,1
3212,20045,0
3213,20046,1
3214,20048,0
3215,20060,0
3216,20068,0
3217,20074,1
3218,20111,0
3219,20117,0
3220,20125,0
3221,20129,1
3222,20134,0
3223,20135,0
3224,20139,0
3225,20142,0
3226,20147,1
3227,20154,1
3228,20157,0
3229,20169,0
3230,20179,0
3231,20202,0
3232,20207,1
3233,20215,0
3234,20216,1
3235,20217,1
3236,20218,1
3237,20219,1
3238,20226,0
3239,20236,0
3240,20239,0
3241,20246,0
3242,20247,0
3243,20253,0
3244,20255,0
3245,20268,0
3246,20270,1
3247,20271,0
3248,20279,0
3249,20282,1
3250,20295,0
3251,20302,0
3252,20305,1
3253,20306,1
3254,20308,0
3255,20330,1
3256,20335,0
3257,20344,0
3258,20349,1
3259,20360,0
3260,20362,0
3261,20378,1
3262,20394,0
3263,20397,1
3264,20403,0
3265,20405,1
3266,20415,0
3267,20417,0
3268,20420,0
3269,20425,0
3270,20430,0
3271,20435,0
3272,20443,0
3273,20446,0
3274,20458,0
3275,20459,1
3276,20467,0
3277,20470,1
3278,20482,1
3279,20489,1
3280,20495,0
3281,20496,0
3282,20497,1
3283,20505,0
3284,20509,1
3285,20535,0
3286,20539,1
3287,20544,1
3288,20547,0
3289,20556,1
3290,20557,1
3291,20575,0
3292,20577,0
3293,20596,0
3294,20597,0
3295,20602,0
3296,20603,1
3297,20609,1
3298,20618,0
3299,20621,1
3300,20628,0
3301,20634,0
3302,20637,0
3303,20641,0
3304,20642,0
3305,20647,0
3306,20655,1
3307,20656,0
3308,20661,0
3309,20664,1
3310,20674,1
3311,20679,1
3312,20680,0
3313,20683,1
3314,20687,0
3315,20688,1
3316,20695,0
3317,20696,0
3318,20699,0
3319,20701,0
3320,20702,0
3321,20704,0
3322,20721,0
3323,20725,0
3324,20731,0
3325,20741,0
3326,20742,0
3327,20753,0
3328,20756,0
3329,20769,0
3330,20771,0
3331,20774,0
3332,20777,0
3333,20781,0
3334,20797,1
3335,20808,1
3336,20810,0
3337,20820,0
3338,20823,1
3339,20829,1
3340,20832,0
3341,20833,0
3342,20837,0
3343,20838,0
3344,20839,0
3345,20847,0
3346,20861,0
3347,20869,1
3348,20875,0
3349,20877,0
3350,20889,0
3351,20894,1
3352,20901,1
3353,20919,0
3354,20923,0
3355,20935,1
3356,20937,0
3357,20939,0
3358,20940,0
3359,20943,0
3360,20946,1
3361,20950,0
3362,20961,1
3363,20965,1
3364,20967,1
3365,20969,1
3366,20970,1
3367,20975,1
3368,20987,0
3369,20995,0
3370,20998,1
3371,21002,0
3372,21012,1
3373,21013,1
3374,21015,0
3375,21017,0
3376,21020,0
3377,21028,0
3378,21031,0
3379,21036,0
3380,21040,0
3381,21048,0
3382,21049,0
3383,21051,0
3384,21070,0
3385,21072,1
3386,21079,1
3387,21090,1
3388,21093,0
3389,21104,0
3390,21114,0
3391,21117,0
3392,21120,0
3393,21121,0
3394,21132,0
3395,21136,0
3396,21139,1
3397,21140,0
3398,21146,1
3399,21150,1
3400,21178,0
3401,21180,1
3402,21198,0
3403,21203,0
3404,21210,0
3405,21218,0
3406,21220,0
3407,21222,0
3408,21228,0
3409,21236,1
3410,21239,0
3411,21260,0
3412,21267,0
3413,21271,0
3414,21279,0
3415,21286,0
3416,21288,0
3417,21294,1
3418,21298,0
3419,21299,1
3420,21300,1
3421,21304,0
3422,21307,0
3423,21309,0
3424,21311,0
3425,21331,0
3426,21332,1
3427,21342,0
3428,21345,1
3429,21348,1
3430,21353,0
3431,21357,0
3432,21369,1
3433,21370,1
3434,21371,0
3435,21373,0
3436,21385,1
3437,21392,0
3438,21401,0
3439,21403,0
3440,21406,0
3441,21413,0
3442,21414,0
3443,21416,0
3444,21423,1
3445,21442,0
3446,21443,0
3447,21448,0
3448,21459,0
3449,21467,0
3450,21474,1
3451,21484,0
3452,21488,1
3453,21495,0
3454,21498,0
3455,21502,0
3456,21503,1
3457,21510,1
3458,21516,1
3459,21533,1
3460,21535,0
3461,21539,0
3462,21541,0
3463,21544,1
3464,21554,1
3465,21569,0
3466,21572,0
3467,21578,0
3468,21580,0
3469,21584,0
3470,21589,0
3471,21595,0
3472,21598,1
3473,21599,0
3474,21606,0
3475,21623,0
3476,21639,1
3477,21641,0
3478,21645,0
3479,21647,0
3480,21648,0
3481,21657,0
3482,21671,0
3483,21673,0
3484,21678,0
3485,21696,1
3486,21699,1
3487,21700,0
3488,21703,1
3489,21710,1
3490,21721,0
3491,21727,0
3492,21728,1
3493,21731,0
3494,21741,0
3495,21744,1
3496,21748,0
3497,21753,0
3498,21756,0
3499,21763,0
3500,21767,0
3501,21772,1
3502,21774,1
3503,21775,1
3504,21780,1
3505,21787,1
3506,21805,0
3507,21828,0
3508,21831,1
3509,21837,0
3510,21842,0
3511,21849,0
3512,21856,1
3513,21858,0
3514,21862,0
3515,21864,0
3516,21867,0
3517,21879,0
3518,21881,0
3519,21883,0
3520,21891,1
3521,21892,0
3522,21902,0
3523,21909,0
3524,21914,0
3525,21918,0
3526,21919,0
3527,21926,0
3528,21930,0
3529,21934,0
3530,21940,0
3531,21945,0
3532,21948,1
3533,21953,0
3534,21954,0
3535,21956,0
3536,21963,0
3537,21970,0
3538,21984,0
3539,21997,0
3540,21999,0
3541,22001,0
3542,22002,0
3543,22010,0
3544,22013,0
3545,22022,0
3546,22024,0
3547,22028,0
3548,22029,0
3549,22045,0
3550,22049,0
3551,22064,0
3552,22069,0
3553,22074,0
3554,22082,0
3555,22084,0
3556,22090,0
3557,22096,1
3558,22100,0
3559,22105,0
3560,22119,0
3561,22130,0
3562,22152,1
3563,22155,0
3564,22164,0
3565,22173,0
3566,22194,1
3567,22209,0
3568,22217,0
3569,22220,0
3570,22222,1
3571,22244,0
3572,22245,0
3573,22250,0
3574,22256,1
3575,22261,1
3576,22264,0
3577,22270,0
3578,22279,1
3579,22280,0
3580,22284,0
3581,22288,0
3582,22293,0
3583,22297,1
3584,22307,0
3585,22310,0
3586,22319,1
3587,22324,0
3588,22326,0
3589,22327,0
3590,22329,0
3591,22331,0
3592,22340,1
3593,22342,1
3594,22347,0
3595,22351,0
3596,22357,0
3597,22361,0
3598,22371,0
3599,22373,0
3600,22391,1
3601,22404,1
3602,22409,1
3603,22411,0
3604,22428,1
3605,22436,1
3606,22444,1
3607,22445,0
3608,22451,0
3609,22463,0
3610,22464,0
3611,22467,1
3612,22472,0
3613,22485,1
3614,22497,0
3615,22504,0
3616,22508,0
3617,22516,0
3618,22522,0
3619,22527,0
3620,22543,1
3621,22549,0
3622,22551,0
3623,22557,1
3624,22562,0
3625,22567,0
3626,22572,0
3627,22575,0
3628,22578,1
3629,22579,0
3630,22580,0
3631,22581,0
3632,22591,0
3633,22593,0
3634,22597,0
3635,22600,0
3636,22602,0
3637,22603,0
3638,22616,0
3639,22617,0
3640,22622,0
3641,22623,0
3642,22624,0
3643,22628,1
3644,22640,1
3645,22641,1
3646,22653,0
3647,22660,0
3648,22672,0
3649,22674,0
3650,22689,0
3651,22698,0
3652,22705,1
3653,22709,1
3654,22711,0
3655,22714,1
3656,22715,0
3657,22729,0
3658,22730,0
3659,22733,0
3660,22750,0
3661,22754,0
3662,22756,0
3663,22758,0
3664,22767,0
3665,22768,0
3666,22769,0
3667,22776,0
3668,22778,0
3669,22780,0
3670,22789,0
3671,22797,0
3672,22799,1
3673,22814,0
3674,22818,0
3675,22821,1
3676,22823,1
3677,22841,0
3678,22847,0
3679,22848,0
3680,22862,0
3681,22875,1
3682,22877,1
3683,22887,0
3684,22892,0
3685,22899,1
3686,22901,1
3687,22907,0
3688,22909,0
3689,22926,1
3690,22927,1
3691,22930,1
3692,22934,0
3693,22937,1
3694,22939,1
3695,22949,0
3696,22951,0
3697,22955,0
3698,22965,0
3699,22966,0
3700,22968,1
3701,22972,1
3702,22975,1
3703,22981,0
3704,22988,0
3705,22994,1
3706,22996,1
3707,23011,1
3708,23028,0
3709,23031,0
3710,23035,0
3711,23038,0
3712,23042,1
3713,23049,1
3714,23051,1
3715,23053,0
3716,23057,0
3717,23058,0
3718,23063,1
3719,23064,1
3720,23067,1
3721,23071,0
3722,23075,0
3723,23077,1
3724,23090,0
3725,23094,0
3726,23097,0
3727,23103,0
3728,23107,0
3729,23117,0
3730,23122,0
3731,23124,0
3732,23126,0
3733,23129,0
3734,23136,0
3735,23141,0
3736,23142,1
3737,23147,1
3738,23154,1
3739,23159,1
3740,23165,0
3741,23171,0
3742,23173,0
3743,23175,0
3744,23179,1
3745,23182,1
3746,23185,1
3747,23188,1
3748,23189,1
3749,23209,0
3750,23214,0
3751,23215,0
3752,23233,0
3753,23241,0
3754,23252,0
3755,23255,0
3756,23263,1
3757,23281,0
3758,23282,0
3759,23289,1
3760,23292,1
3761,23296,0
3762,23297,0
3763,23301,0
3764,23302,0
3765,23304,0
3766,23309,0
3767,23312,0
3768,23316,1
3769,23321,0
3770,23342,0
3771,23344,0
3772,23350,0
3773,23367,1
3774,23368,0
3775,23374,0
3776,23387,0
3777,23389,0
3778,23399,1
3779,23403,1
3780,23406,1
3781,23414,0
3782,23415,0
3783,23419,1
3784,23436,0
3785,23439,1
3786,23444,0
3787,23445,0
3788,23455,0
3789,23469,0
3790,23472,0
3791,23477,0
3792,23478,1
3793,23479,0
3794,23487,0
3795,23490,0
3796,23491,1
3797,23492,0
3798,23494,0
3799,23496,0
3800,23497,0
3801,23506,0
3802,23515,1
3803,23528,0
3804,23532,0
3805,23549,0
3806,23551,0
3807,23552,0
3808,23555,0
3809,23556,0
3810,23564,1
3811,23583,0
3812,23592,0
3813,23597,1
3814,23601,0
3815,23605,1
3816,23615,0
3817,23619,0
3818,23621,1
3819,23626,1
3820,23635,0
3821,23637,0
3822,23640,0
3823,23646,0
3824,23655,0
3825,23672,1
3826,23673,0
3827,23682,0
3828,23683,0
3829,23699,1
3830,23704,1
3831,23707,1
3832,23713,0
3833,23714,0
3834,23716,0
3835,23718,1
3836,23721,0
3837,23735,0
3838,23737,0
3839,23744,0
3840,23749,1
3841,23755,0
3842,23769,1
3843,23772,1
3844,23773,1
3845,23774,1
3846,23779,1
3847,23782,1
3848,23793,0
3849,23803,1
3850,23828,1
3851,23833,1
3852,23834,1
3853,23844,0
3854,23845,1
3855,23852,1
3856,23855,1
3857,23867,0
3858,23872,1
3859,23874,0
3860,23880,0
3861,23886,0
3862,23898,0
3863,23900,0
3864,23903,0
3865,23907,0
3866,23908,1
3867,23912,0
3868,23916,0
3869,23917,0
3870,23918,0
3871,23922,0
3872,23928,1
3873,23940,1
3874,23944,1
3875,23945,0
3876,23951,0
3877,23966,0
3878,23970,0
3879,23971,0
3880,23976,0
3881,23980,0
3882,23987,1
3883,23988,0
3884,23993,0
3885,23997,0
3886,23998,0
3887,23999,1
3888,24010,1
3889,24015,0
3890,24023,0
3891,24033,0
3892,24046,0
3893,24060,0
3894,24062,0
3895,24065,1
3896,24070,1
3897,24071,1
3898,24073,0
3899,24079,0
3900,24082,1
3901,24084,1
3902,24089,1
3903,24094,0
3904,24100,0
3905,24105,0
3906,24106,0
3907,24108,1
3908,24111,1
3909,24120,0
3910,24125,1
3911,24134,1
3912,24140,0
3913,24151,0
3914,24153,0
3915,24154,0
3916,24161,0
3917,24166,1
3918,24170,1
3919,24176,0
3920,24182,1
3921,24188,1
3922,24190,1
3923,24201,1
3924,24211,1
3925,24215,1
3926,24216,1
3927,24219,0
3928,24222,1
3929,24240,1
3930,24243,0
3931,24245,0
3932,24251,0
3933,24256,1
3934,24258,1
3935,24261,1
3936,24263,1
3937,24264,1
3938,24266,0
3939,24273,1
3940,24278,0
3941,24289,1
3942,24292,0
3943,24293,0
3944,24298,1
3945,24299,0
3946,24303,1
3947,24304,0
3948,24305,0
3949,24329,1
3950,24341,0
3951,24345,1
3952,24353,0
3953,24358,1
3954,24364,1
3955,24367,0
3956,24370,1
3957,24377,0
3958,24380,0
3959,24381,0
3960,24387,0
3961,24391,0
3962,24409,1
3963,24413,0
3964,24416,0
3965,24427,0
3966,24439,0
3967,24443,0
3968,24448,0
3969,24454,1
3970,24455,0
3971,24461,0
3972,24464,0
3973,24468,0
3974,24469,0
3975,24501,0
3976,24508,0
3977,24519,0
3978,24520,1
3979,24538,1
3980,24540,1
3981,24550,0
3982,24552,0
3983,24561,0
3984,24577,1
3985,24579,0
3986,24580,0
3987,24582,0
3988,24591,1
3989,24592,0
3990,24599,1
3991,24602,0
3992,24606,0
3993,24617,0
3994,24619,1
3995,24630,0
3996,24633,1
3997,24634,1
3998,24638,0
3999,24641,1
4000,24644,1
4001,24645,1
4002,24656,0
4003,24661,0
4004,24663,0
4005,24667,0
4006,24669,0
4007,24682,0
4008,24698,0
4009,24699,1
4010,24702,0
4011,24703,1
4012,24717,0
4013,24724,1
4014,24731,0
4015,24737,0
4016,24740,1
4017,24743,1
4018,24744,1
4019,24755,0
4020,24757,0
4021,24765,0
4022,24766,0
4023,24776,1
4024,24787,1
4025,24789,0
4026,24791,0
4027,24792,0
4028,24804,0
4029,24812,0
4030,24816,0
4031,24817,0
4032,24820,1
4033,24828,0
4034,24832,0
4035,24836,0
4036,24842,1
4037,24846,0
4038,24847,0
4039,24848,1
4040,24851,1
4041,24855,1
4042,24856,0
4043,24871,0
4044,24874,0
4045,24877,0
4046,24889,0
4047,24897,0
4048,24899,1
4049,24908,1
4050,24913,1
4051,24923,1
4052,24933,0
4053,24971,0
4054,24973,1
4055,24993,1
4056,24998,1
4057,25000,1
4058,25001,1
4059,25002,0
4060,25003,1
4061,25009,0
4062,25024,0
4063,25026,0
4064,25027,1
4065,25034,0
4066,25050,0
4067,25057,1
4068,25067,1
4069,25075,1
4070,25081,1
4071,25085,1
4072,25093,1
4073,25097,1
4074,25103,1
4075,25104,1
4076,25109,0
4077,25112,1
4078,25113,0
4079,25114,0
4080,25119,0
4081,25121,0
4082,25122,1
4083,25124,1
4084,25131,0
4085,25134,1
4086,25144,0
4087,25147,1
4088,25148,1
4089,25149,0
4090,25155,1
4091,25169,1
4092,25177,1
4093,25178,0
4094,25179,0
4095,25180,1
4096,25191,1
4097,25199,0
4098,25232,0
4099,25241,0
4100,25242,1
4101,25243,0
4102,25246,0
4103,25259,1
4104,25265,1
4105,25278,1
4106,25280,0
4107,25284,0
4108,25286,1
4109,25288,0
4110,25318,1
4111,25330,1
4112,25333,0
4113,25339,0
4114,25340,1
4115,25346,0
4116,25349,1
4117,25351,0
4118,25361,1
4119,25366,1
4120,25368,1
4121,25369,1
4122,25370,1
4123,25375,1
4124,25376,1
4125,25377,1
4126,25379,1
4127,25382,0
4128,25386,0
4129,25389,0
4130,25399,0
4131,25400,1
4132,25401,1
4133,25407,0
4134,25409,0
4135,25412,0
4136,25416,0
4137,25418,0
4138,25423,0
4139,25436,0
4140,25439,0
4141,25442,0
4142,25445,1
4143,25446,0
4144,25453,0
4145,25456,0
4146,25458,0
4147,25460,0
4148,25461,0
4149,25468,1
4150,25470,1
4151,25471,1
4152,25482,1
4153,25501,1
4154,25504,1
4155,25515,0
4156,25518,0
4157,25528,0
4158,25533,0
4159,25543,0
4160,25548,0
4161,25564,0
4162,25572,1
4163,25576,0
4164,25577,1
4165,25587,0
4166,25591,1
4167,25596,0
4168,25598,1
4169,25617,0
4170,25618,1
4171,25620,0
4172,25623,1
4173,25626,1
4174,25628,1
4175,25633,1
4176,25637,1
4177,25644,0
4178,25662,0
4179,25663,0
4180,25673,1
4181,25678,0
4182,25685,0
4183,25691,0
4184,25706,0
4185,25707,0
4186,25723,1
4187,25725,1
4188,25735,1
4189,25740,0
4190,25759,0
4191,25761,1
4192,25769,0
4193,25774,0
4194,25779,1
4195,25781,0
4196,25784,1
4197,25790,1
4198,25796,0
4199,25816,0
4200,25847,0
4201,25850,0
4202,25852,1
4203,25856,0
4204,25866,0
4205,25867,1
4206,25868,0
4207,25869,0
4208,25877,0
4209,25878,0
4210,25890,0
4211,25898,1
4212,25899,0
4213,25906,1
4214,25907,1
4215,25915,1
4216,25932,1
4217,25939,0
4218,25946,1
4219,25951,1
4220,25959,0
4221,25961,0
4222,25964,0
4223,25969,0
4224,25980,0
4225,25986,0
4226,25992,0
4227,25998,0
4228,26000,0
4229,26006,1
4230,26009,0
4231,26016,1
4232,26023,1
4233,26038,0
4234,26041,0
4235,26050,0
4236,26051,1
4237,26057,0
4238,26060,0
4239,26062,0
4240,26067,1
4241,26068,0
4242,26072,0
4243,26074,1
4244,26075,0
4245,26081,1
4246,26108,1
4247,26112,1
4248,26113,0
4249,26115,0
4250,26122,0
4251,26139,0
4252,26162,0
4253,26165,0
4254,26173,0
4255,26177,0
4256,26179,1
4257,26184,0
4258,26190,0
4259,26204,1
4260,26205,0
4261,26212,1
4262,26215,0
4263,26227,1
4264,26232,1
4265,26237,0
4266,26246,0
4267,26248,1
4268,26249,0
4269,26260,0
4270,26263,0
4271,26267,1
4272,26269,0
4273,26271,1
4274,26273,0
4275,26286,0
4276,26297,0
4277,26309,0
4278,26313,0
4279,26319,1
4280,26329,1
4281,26330,1
4282,26333,1
4283,26361,1
4284,26366,1
4285,26376,1
4286,26378,1
4287,26382,0
4288,26389,0
4289,26391,0
4290,26401,1
4291,26415,0
4292,26419,1
4293,26421,1
4294,26422,0
4295,26423,1
4296,26424,1
4297,26441,1
4298,26442,0
4299,26446,1
4300,26447,0
4301,26448,0
4302,26451,0
4303,26459,0
4304,26465,0
4305,26476,0
4306,26481,0
4307,26487,1
4308,26501,0
4309,26513,1
4310,26517,0
4311,26527,1
4312,26534,1
4313,26535,1
4314,26545,1
4315,26550,1
4316,26558,0
4317,26571,1
4318,26573,0
4319,26575,0
4320,26578,0
4321,26583,1
4322,26590,0
4323,26593,1
4324,26602,0
4325,26606,1
4326,26613,1
4327,26615,0
4328,26618,0
4329,26628,1
4330,26630,1
4331,26635,0
4332,26645,0
4333,26648,0
4334,26651,0
4335,26660,0
4336,26663,1
4337,26664,1
4338,26665,1
4339,26673,1
4340,26675,0
4341,26676,0
4342,26677,0
4343,26679,0
4344,26687,0
4345,26689,0
4346,26697,0
4347,26737,1
4348,26747,1
4349,26748,1
4350,26749,1
4351,26754,1
4352,26759,1
4353,26760,1
4354,26765,0
4355,26769,0
4356,26771,0
4357,26776,0
4358,26778,0
4359,26780,0
4360,26783,0
4361,26785,0
4362,26800,0
4363,26804,0
4364,26812,0
4365,26816,0
4366,26823,1
4367,26834,0
4368,26836,1
4369,26841,1
4370,26845,1
4371,26849,1
4372,26854,1
4373,26858,1
4374,26860,0
4375,26866,0
4376,26871,0
4377,26873,0
4378,26905,0
4379,26907,0
4380,26920,1
4381,26924,0
4382,26930,0
4383,26942,1
4384,26944,1
4385,26949,1
4386,26952,1
4387,26956,0
4388,26973,0
4389,26977,0
4390,26993,1
4391,26997,0
4392,26999,1
4393,27021,0
4394,27023,0
4395,27025,0
4396,27027,0
4397,27032,1
4398,27034,0
4399,27036,1
4400,27045,0
4401,27050,0
4402,27051,1
4403,27055,0
4404,27056,0
4405,27060,0
4406,27061,1
4407,27066,1
4408,27070,0
4409,27073,0
4410,27077,1
4411,27085,0
4412,27086,0
4413,27099,1
4414,27105,0
4415,27109,0
4416,27125,0
4417,27135,0
4418,27139,1
4419,27140,1
4420,27141,0
4421,27142,0
4422,27144,0
4423,27148,0
4424,27154,0
4425,27162,1
4426,27175,0
4427,27176,0
4428,27178,1
4429,27197,0
4430,27204,0
4431,27205,0
4432,27206,0
4433,27207,0
4434,27216,0
4435,27230,0
4436,27234,0
4437,27241,0
4438,27249,1
4439,27251,0
4440,27252,1
4441,27256,1
4442,27257,1
4443,27263,0
4444,27268,0
4445,27269,0
4446,27276,0
4447,27279,1
4448,27288,1
4449,27295,0
4450,27299,1
4451,27302,1
4452,27304,1
4453,27316,1
4454,27318,0
4455,27330,0
4456,27333,1
4457,27335,1
4458,27339,0
4459,27341,1
4460,27342,0
4461,27345,1
4462,27347,1
4463,27354,1
4464,27361,0
4465,27375,0
4466,27387,1
4467,27390,1
4468,27392,1
4469,27399,0
4470,27403,0
4471,27410,0
4472,27423,0
4473,27429,0
4474,27432,0
4475,27436,0
4476,27437,1
4477,27441,1
4478,27444,1
4479,27445,0
4480,27448,1
4481,27454,0
4482,27459,0
4483,27465,1
4484,27478,1
4485,27479,1
4486,27481,1
4487,27483,1
4488,27486,0
4489,27498,0
4490,27505,0
4491,27507,0
4492,27509,0
4493,27514,0
4494,27527,1
4495,27535,0
4496,27544,0
4497,27545,0
4498,27556,0
4499,27563,0
4500,27569,0
4501,27585,1
4502,27589,0
4503,27605,0
4504,27608,1
4505,27609,0
4506,27611,0
4507,27621,1
4508,27626,1
4509,27629,0
4510,27645,1
4511,27651,0
4512,27654,0
4513,27656,1
4514,27663,1
4515,27673,0
4516,27677,0
4517,27678,0
4518,27680,1
4519,27681,1
4520,27684,0
4521,27688,0
4522,27706,0
4523,27709,0
4524,27720,0
4525,27722,0
4526,27733,1
4527,27734,1
4528,27739,0
4529,27746,0
4530,27751,1
4531,27755,0
4532,27777,0
4533,27783,0
4534,27795,0
4535,27805,0
4536,27811,0
4537,27815,0
4538,27823,0
4539,27856,0
4540,27873,0
4541,27883,0
4542,27885,1
4543,27887,1
4544,27899,0
4545,27921,0
4546,27924,0
4547,27927,0
4548,27929,0
4549,27932,0
4550,27943,1
4551,27945,0
4552,27952,0
4553,27957,1
4554,27960,0
4555,27966,0
4556,27968,1
4557,27980,1
4558,27984,0
4559,27994,0
4560,27995,0
4561,28002,1
4562,28004,1
4563,28006,0
4564,28028,1
4565,28042,1
4566,28043,0
4567,28055,0
4568,28061,0
4569,28063,0
4570,28077,0
4571,28090,1
4572,28093,0
4573,28095,0
4574,28096,1
4575,28098,1
4576,28099,0
4577,28111,0
4578,28115,0
4579,28123,0
4580,28125,0
4581,28126,1
4582,28129,1
4583,28131,0
4584,28139,0
4585,28146,0
4586,28153,1
4587,28155,0
4588,28160,1
4589,28166,0
4590,28167,1
4591,28176,1
4592,28185,0
4593,28187,1
4594,28195,1
4595,28203,0
4596,28206,0
4597,28209,0
4598,28210,0
4599,28211,0
4600,28216,0
4601,28234,0
4602,28235,1
4603,28248,0
4604,28255,1
4605,28266,0
4606,28277,0
4607,28286,0
4608,28288,1
4609,28289,1
4610,28290,0
4611,28296,0
4612,28300,1
4613,28306,0
4614,28307,0
4615,28309,0
4616,28327,0
4617,28336,0
4618,28345,0
4619,28355,0
4620,28361,0
4621,28362,0
4622,28374,0
4623,28380,1
4624,28381,0
4625,28393,0
4626,28394,0
4627,28405,0
4628,28413,0
4629,28426,1
4630,28428,1
4631,28429,1
4632,28442,0
4633,28445,0
4634,28457,1
4635,28459,1
4636,28462,0
4637,28478,0
4638,28490,0
4639,28492,0
4640,28499,0
4641,28500,0
4642,28506,1
4643,28509,0
4644,28513,0
4645,28516,0
4646,28519,1
4647,28526,0
4648,28527,0
4649,28528,1
4650,28533,0
4651,28547,0
4652,28551,0
4653,28563,1
4654,28566,1
4655,28568,1
4656,28580,1
4657,28589,0
4658,28590,1
4659,28606,1
4660,28613,1
4661,28615,1
4662,28619,1
4663,28629,1
4664,28633,1
4665,28635,1
4666,28646,0
4667,28648,1
4668,28651,0
4669,28660,1
4670,28681,0
4671,28693,0
4672,28696,0
4673,28703,0
4674,28709,0
4675,28712,1
4676,28718,0
4677,28719,0
4678,28727,0
4679,28730,1
4680,28732,1
4681,28740,0
4682,28747,0
4683,28752,1
4684,28757,0
4685,28764,0
4686,28765,1
4687,28770,1
4688,28772,1
4689,28783,0
4690,28786,0
4691,28796,0
4692,28799,1
4693,28806,1
4694,28807,0
4695,28815,0
4696,28818,0
4697,28823,0
4698,28824,1
4699,28831,1
4700,28834,1
4701,28841,0
4702,28848,1
4703,28882,1
4704,28884,0
4705,28904,0
4706,28907,0
4707,28919,0
4708,28920,1
4709,28928,0
4710,28935,0
4711,28936,0
4712,28945,0
4713,28950,1
4714,28957,1
4715,28963,0
4716,28974,0
4717,28980,0
4718,28988,0
4719,28999,0
4720,29001,1
4721,29004,0
4722,29006,0
4723,29012,0
4724,29018,0
4725,29027,0
4726,29030,0
4727,29032,0
4728,29039,0
4729,29043,0
4730,29056,1
4731,29064,1
4732,29068,0
4733,29069,0
4734,29074,0
4735,29076,0
4736,29085,0
4737,29088,1
4738,29091,0
4739,29092,1
4740,29093,0
4741,29094,0
4742,29108,1
4743,29114,0
4744,29115,0
4745,29118,0
4746,29125,0
4747,29127,1
4748,29150,0
4749,29152,0
4750,29155,1
4751,29165,0
4752,29167,1
4753,29174,0
4754,29180,0
4755,29185,0
4756,29190,0
4757,29192,1
4758,29194,0
4759,29220,0
4760,29231,0
4761,29237,0
4762,29240,0
4763,29247,1
4764,29256,1
4765,29275,0
4766,29278,0
4767,29280,1
4768,29286,1
4769,29288,1
4770,29305,1
4771,29327,1
4772,29329,1
4773,29333,0
4774,29335,0
4775,29342,1
4776,29344,0
4777,29353,0
4778,29358,1
4779,29373,0
4780,29392,0
4781,29393,1
4782,29395,1
4783,29403,1
4784,29405,1
4785,29410,0
4786,29423,0
4787,29427,1
4788,29429,0
4789,29432,0
4790,29440,1
4791,29447,0
4792,29448,0
4793,29452,1
4794,29455,1
4795,29461,0
4796,29466,1
4797,29474,0
4798,29476,0
4799,29486,1
4800,29494,0
4801,29497,1
4802,29505,0
4803,29511,1
4804,29516,1
4805,29522,0
4806,29523,0
4807,29524,0
4808,29529,0
4809,29533,0
4810,29535,0
4811,29548,0
4812,29551,0
4813,29563,0
4814,29574,0
4815,29575,0
4816,29592,0
4817,29599,1
4818,29608,0
4819,29613,0
4820,29620,0
4821,29630,1
4822,29637,0
4823,29638,0
4824,29643,0
4825,29648,1
4826,29657,1
4827,29659,1
4828,29662,1
4829,29665,0
4830,29699,1
4831,29706,1
4832,29715,1
4833,29716,0
4834,29717,0
4835,29721,1
4836,29731,0
4837,29735,0
4838,29739,1
4839,29742,1
4840,29747,1
4841,29749,1
4842,29754,1
4843,29773,0
4844,29777,1
4845,29779,0
4846,29783,0
4847,29786,0
4848,29805,0
4849,29811,0
4850,29812,0
4851,29815,1
4852,29819,0
4853,29833,0
4854,29847,0
4855,29854,1
4856,29856,0
4857,29859,0
4858,29864,1
4859,29865,1
4860,29867,0
4861,29885,1
4862,29894,0
4863,29900,0
4864,29910,1
4865,29928,0
4866,29942,0
4867,29951,0
4868,29953,0
4869,29962,0
4870,29968,0
4871,29974,1
4872,29980,1
4873,29987,0
4874,29993,1
4875,30001,1
4876,30005,1
4877,30015,0
4878,30034,0
4879,30041,0
4880,30044,0
4881,30058,0
4882,30061,0
4883,30064,0
4884,30065,0
4885,30069,0
4886,30074,0
4887,30076,0
4888,30080,0
4889,30086,1
4890,30087,0
4891,30092,0
4892,30093,1
4893,30096,0
4894,30097,0
4895,30098,0
4896,30102,1
4897,30106,0
4898,30110,1
4899,30111,1
4900,30122,0
4901,30128,0
4902,30130,1
4903,30131,1
4904,30132,0
4905,30135,0
4906,30137,1
4907,30157,0
4908,30158,0
4909,30162,0
4910,30170,1
4911,30174,0
4912,30195,1
4913,30196,0
4914,30204,0
4915,30207,1
4916,30209,1
4917,30212,0
4918,30221,0
4919,30225,1
4920,30229,0
4921,30231,0
4922,30233,0
4923,30237,0
4924,30239,0
4925,30242,0
4926,30244,0
4927,30249,1
4928,30262,0
4929,30286,0
4930,30292,0
4931,30303,0
4932,30320,1
4933,30322,1
4934,30355,0
4935,30356,0
4936,30372,1
4937,30375,0
4938,30379,0
4939,30384,0
4940,30386,0
4941,30394,0
4942,30395,0
4943,30396,0
4944,30397,0
4945,30402,0
4946,30413,0
4947,30416,0
4948,30420,0
4949,30422,0
4950,30432,0
4951,30434,1
4952,30438,0
4953,30444,0
4954,30446,1
4955,30455,0
4956,30457,1
4957,30459,1
4958,30463,1
4959,30468,0
4960,30477,0
4961,30478,0
4962,30481,0
4963,30482,0
4964,30487,0
4965,30491,0
4966,30496,1
4967,30501,1
4968,30506,1
4969,30511,0
4970,30513,0
4971,30516,0
4972,30520,0
4973,30531,1
4974,30542,1
4975,30555,0
4976,30557,0
4977,30568,0
4978,30570,1
4979,30584,0
4980,30594,1
4981,30614,0
4982,30617,0
4983,30618,1
4984,30631,0
4985,30632,0
4986,30634,1
4987,30636,0
4988,30637,0
4989,30639,0
4990,30647,0
4991,30649,0
4992,30656,0
4993,30660,0
4994,30665,0
4995,30669,0
4996,30681,0
4997,30683,0
4998,30687,1
4999,30694,0
